timestamp,model,prompt_tokens,completion_tokens,latency_ms,cost_usd,user_id,temperature,max_tokens,success
2026-05-24T15:46:47.999481Z,gemini-pro,1347,96,1159,0.00077,user_34,0.0,256,True
2026-06-07T09:01:37.999481Z,gpt-3.5-turbo,451,1494,1557,0.002466,user_60,1.51,1024,True
2026-05-23T23:40:17.999481Z,gpt-4-turbo,393,22,2155,0.00459,user_92,0.98,4096,True
2026-05-24T09:49:29.999481Z,llama-2-70b,1818,15,1002,0.001378,user_53,1.51,1024,True
2026-05-20T13:28:52.999481Z,mistral-large,1756,243,1636,0.00497,user_62,1.25,512,True
2026-06-01T12:48:33.999481Z,gpt-3.5-turbo,1146,1147,201,0.002293,user_78,0.44,1024,True
2026-06-11T05:56:36.999481Z,gemini-pro,812,757,1372,0.001163,user_72,1.72,256,True
2026-06-09T12:25:28.999481Z,gpt-3.5-turbo,1455,1098,1657,0.002374,user_70,0.01,1024,True
2026-05-23T21:54:40.999481Z,gemini-pro,1015,203,458,0.00071,user_95,1.25,1024,True
2026-06-05T06:30:32.999481Z,gpt-4,49,1282,3767,0.07839,user_62,1.14,4096,True
2026-05-22T08:08:59.999481Z,claude-3-5-sonnet,218,1452,2389,0.022434,user_75,0.82,512,True
2026-05-26T05:40:57.999481Z,gemini-pro,224,1106,1616,0.001218,user_23,1.54,2048,True
2026-06-09T04:27:49.999481Z,gpt-4-turbo,717,1405,3767,0.04932,user_3,1.35,256,True
2026-05-25T18:52:28.999481Z,gemini-pro,1872,1096,428,0.002032,user_51,0.55,256,True
2026-05-21T02:37:07.999481Z,mistral-large,566,1392,1563,0.009484,user_68,2.0,4096,True
2026-06-10T07:09:35.999481Z,claude-3-5-sonnet,698,224,3498,0.005454,user_89,1.45,512,True
2026-06-01T18:56:22.999481Z,llama-2-70b,521,661,1255,0.001052,user_56,0.44,256,True
2026-05-18T22:22:55.999481Z,llama-2-70b,350,1312,1784,0.001574,user_6,0.07,256,True
2026-06-06T17:58:07.999481Z,gpt-4,129,1451,3995,0.09093,user_67,0.32,2048,True
2026-06-03T16:00:38.999481Z,gpt-4,1504,623,3148,0.0825,user_26,1.52,1024,True
2026-05-29T19:51:31.999481Z,claude-3-5-sonnet,1639,871,2049,0.017982,user_78,1.91,512,True
2026-06-06T22:24:18.999481Z,mistral-large,538,138,1968,0.001904,user_11,1.33,4096,True
2026-05-28T23:52:27.999481Z,claude-3-5-sonnet,889,101,896,0.004182,user_38,0.52,1024,True
2026-05-14T03:08:10.999481Z,mistral-large,234,1104,1781,0.007092,user_81,0.28,256,True
2026-05-22T23:42:20.999481Z,gpt-4,924,496,2488,0.05748,user_1,0.15,4096,True
2026-06-05T02:16:46.999481Z,gpt-4,1860,844,3572,0.10644,user_53,1.33,1024,True
2026-05-22T12:44:04.999481Z,mistral-large,898,347,1077,0.003878,user_34,1.94,512,True
2026-05-15T10:13:22.999481Z,gpt-4,151,1219,1117,0.07767,user_14,1.55,1024,True
2026-06-08T19:32:37.999481Z,gpt-4,115,1086,3807,0.06861,user_74,0.68,256,True
2026-05-17T19:41:58.999481Z,gemini-pro,1340,239,1508,0.000909,user_71,1.62,256,True
2026-06-03T04:37:55.999481Z,mistral-large,739,788,1929,0.006206,user_70,1.44,1024,True
2026-05-31T09:35:04.999481Z,gemini-pro,125,1078,1660,0.001141,user_21,1.78,4096,True
2026-05-15T16:53:57.999481Z,gpt-4-turbo,1212,1267,1315,0.05013,user_60,0.06,1024,True
2026-05-31T05:47:46.999481Z,mistral-large,340,342,1701,0.002732,user_12,1.84,512,True
2026-06-11T01:05:42.999481Z,gemini-pro,393,143,1732,0.00034,user_88,0.55,512,True
2026-05-29T18:13:46.999481Z,gpt-4,932,768,914,0.07404,user_92,0.18,1024,True
2026-05-17T10:03:50.999481Z,mistral-large,1062,1099,1453,0.008718,user_69,1.35,4096,True
2026-06-05T06:26:20.999481Z,gpt-3.5-turbo,1290,1012,217,0.002163,user_36,0.06,512,True
2026-05-14T07:47:45.999481Z,llama-2-70b,182,190,253,0.000327,user_56,0.48,4096,True
2026-05-27T22:06:22.999481Z,gpt-4,915,314,2472,0.04629,user_55,1.8,2048,False
2026-06-06T13:49:33.999481Z,llama-2-70b,259,202,1132,0.000396,user_94,0.26,1024,True
2026-05-25T15:26:02.999481Z,claude-3-5-sonnet,1855,636,1432,0.015105,user_62,1.58,2048,True
2026-06-09T01:00:49.999481Z,claude-3-5-sonnet,1908,90,3360,0.007074,user_82,1.68,4096,True
2026-05-17T13:14:26.999481Z,gemini-pro,135,968,1225,0.001035,user_35,0.96,4096,True
2026-05-14T19:06:20.999481Z,claude-3-5-sonnet,1242,1291,1073,0.023091,user_24,0.58,1024,True
2026-05-21T16:45:27.999481Z,gemini-pro,833,1230,1835,0.001646,user_69,1.18,2048,True
2026-06-06T17:35:37.999481Z,mistral-large,1976,372,1485,0.006184,user_68,1.16,1024,True
2026-05-20T07:50:50.999481Z,mistral-large,442,86,738,0.0014,user_28,0.21,1024,True
2026-05-29T20:07:04.999481Z,llama-2-70b,1472,1171,488,0.002275,user_34,0.48,2048,True
2026-06-07T19:38:09.999481Z,claude-3-5-sonnet,1107,1131,3217,0.020286,user_60,1.29,256,True
2026-05-19T17:40:20.999481Z,mistral-large,1560,33,595,0.003318,user_45,0.6,2048,True
2026-05-22T11:26:32.999481Z,mistral-large,959,109,1083,0.002572,user_98,1.62,2048,True
2026-05-24T02:36:51.999481Z,gemini-pro,289,387,1011,0.000531,user_49,0.76,4096,True
2026-06-05T11:12:52.999481Z,claude-3-5-sonnet,1022,798,1533,0.015036,user_93,0.67,256,True
2026-05-21T14:35:18.999481Z,claude-3-5-sonnet,1538,591,1212,0.013479,user_76,1.11,512,True
2026-05-29T02:43:12.999481Z,gpt-4,1616,47,2920,0.0513,user_52,1.04,1024,True
2026-06-11T03:32:13.999481Z,gpt-3.5-turbo,110,1430,631,0.0022,user_96,0.11,4096,True
2026-06-04T10:06:07.999481Z,gpt-4-turbo,779,1331,3693,0.04772,user_57,0.62,1024,True
2026-06-11T04:12:30.999481Z,claude-3-5-sonnet,546,1395,1991,0.022563,user_88,0.37,512,True
2026-05-29T06:23:22.999481Z,mistral-large,567,104,1120,0.001758,user_66,0.61,2048,True
2026-06-11T01:01:58.999481Z,gpt-4,591,1181,3258,0.08859,user_90,0.53,256,True
2026-05-13T16:33:49.999481Z,claude-3-5-sonnet,337,1115,2395,0.017736,user_53,0.76,2048,True
2026-05-31T06:19:06.999481Z,gpt-4-turbo,279,1359,707,0.04356,user_58,1.11,4096,True
2026-05-18T06:50:24.999481Z,gpt-3.5-turbo,1598,1359,854,0.002837,user_35,0.78,1024,True
2026-05-25T00:39:35.999481Z,gpt-3.5-turbo,62,247,1770,0.000401,user_22,1.39,512,True
2026-06-05T04:17:45.999481Z,gpt-4,893,1073,3431,0.09117,user_46,1.66,512,False
2026-06-04T11:55:17.999481Z,gpt-3.5-turbo,1003,893,1193,0.001841,user_74,1.65,1024,True
2026-05-28T02:17:41.999481Z,gemini-pro,78,42,1782,8.1e-05,user_55,1.78,1024,True
2026-06-11T22:28:27.999481Z,llama-2-70b,1031,989,1876,0.001762,user_38,1.15,512,False
2026-06-09T00:17:11.999481Z,mistral-large,1497,571,745,0.00642,user_89,1.94,512,True
2026-06-06T10:15:13.999481Z,gpt-3.5-turbo,402,523,1884,0.000986,user_54,0.3,2048,True
2026-05-25T16:48:46.999481Z,gemini-pro,1353,45,583,0.000722,user_33,1.97,1024,True
2026-05-16T18:42:49.999481Z,llama-2-70b,195,787,1546,0.000933,user_81,0.11,4096,True
2026-05-27T10:52:04.999481Z,mistral-large,1312,1472,588,0.011456,user_95,1.39,2048,True
2026-05-15T08:59:20.999481Z,mistral-large,1250,1021,638,0.008626,user_19,1.02,4096,True
2026-05-28T22:59:44.999481Z,gpt-4,1895,176,2769,0.06741,user_63,1.07,1024,False
2026-05-21T02:26:38.999481Z,gemini-pro,345,605,542,0.000777,user_51,0.53,512,True
2026-06-02T11:20:16.999481Z,mistral-large,1899,156,1598,0.004734,user_72,1.75,4096,True
2026-06-08T22:20:12.999481Z,gpt-3.5-turbo,161,683,1879,0.001105,user_30,0.09,512,True
2026-05-17T11:49:01.999481Z,mistral-large,163,838,1898,0.005354,user_2,1.11,4096,True
2026-05-27T19:37:25.999481Z,gpt-3.5-turbo,1245,999,333,0.002121,user_81,0.91,512,True
2026-05-16T15:37:25.999481Z,mistral-large,592,955,442,0.006914,user_4,0.68,256,True
2026-05-19T02:03:24.999481Z,gpt-3.5-turbo,1369,895,548,0.002027,user_8,0.88,1024,True
2026-05-14T16:05:33.999481Z,llama-2-70b,1419,337,1009,0.001401,user_48,1.95,256,True
2026-05-23T12:16:09.999481Z,claude-3-5-sonnet,1812,282,1731,0.009666,user_60,0.09,4096,True
2026-05-14T10:25:26.999481Z,mistral-large,1914,938,967,0.009456,user_73,0.68,4096,True
2026-05-28T15:55:26.999481Z,llama-2-70b,1172,874,1986,0.001753,user_58,0.09,1024,True
2026-05-25T05:24:59.999481Z,mistral-large,628,688,1929,0.005384,user_28,1.59,256,True
2026-06-02T02:18:35.999481Z,gpt-3.5-turbo,606,402,213,0.000906,user_38,1.3,4096,True
2026-05-29T20:25:34.999481Z,gpt-4-turbo,1076,472,520,0.02492,user_5,1.87,1024,True
2026-05-20T10:35:02.999481Z,gemini-pro,1320,226,992,0.000886,user_24,1.18,512,True
2026-05-31T09:07:25.999481Z,gpt-4-turbo,1231,1243,3598,0.0496,user_86,0.5,512,True
2026-06-06T12:18:29.999481Z,gemini-pro,558,206,526,0.000485,user_40,1.95,512,True
2026-05-26T16:10:21.999481Z,gpt-3.5-turbo,330,232,1639,0.000513,user_77,1.39,2048,True
2026-05-18T03:54:31.999481Z,gpt-4-turbo,1380,1432,2056,0.05676,user_42,0.04,256,True
2026-06-07T01:53:25.999481Z,mistral-large,1038,201,505,0.003282,user_42,1.84,256,True
2026-05-25T02:31:28.999481Z,llama-2-70b,239,149,653,0.000328,user_44,0.59,2048,True
2026-06-06T11:49:18.999481Z,claude-3-5-sonnet,1208,673,2781,0.013719,user_68,0.84,512,True
2026-06-05T09:59:51.999481Z,gpt-4-turbo,1571,928,3359,0.04355,user_79,0.6,256,True
2026-05-20T20:40:35.999481Z,gemini-pro,1412,851,1508,0.001557,user_48,1.59,256,False
2026-06-05T16:15:21.999481Z,mistral-large,648,1103,441,0.007914,user_89,0.98,256,True
2026-06-07T20:22:43.999481Z,gpt-4-turbo,77,377,2366,0.01208,user_24,1.89,4096,True
2026-06-01T09:16:32.999481Z,gemini-pro,546,196,643,0.000469,user_3,0.27,512,True
2026-05-30T07:35:05.999481Z,mistral-large,1837,112,1311,0.004346,user_55,1.0,4096,True
2026-06-06T16:09:07.999481Z,gpt-4-turbo,154,1374,3803,0.04276,user_36,0.36,2048,True
2026-05-18T07:12:44.999481Z,claude-3-5-sonnet,235,767,2864,0.01221,user_62,1.84,2048,True
2026-05-30T02:56:36.999481Z,gpt-4-turbo,340,926,1452,0.03118,user_17,0.63,256,True
2026-06-08T22:22:45.999481Z,gpt-3.5-turbo,1352,907,1993,0.002037,user_43,0.02,512,True
2026-05-16T21:21:24.999481Z,gpt-4-turbo,1536,1476,3280,0.05964,user_56,0.07,1024,False
2026-05-19T23:42:21.999481Z,gpt-4-turbo,319,1182,1761,0.03865,user_24,0.03,1024,True
2026-05-15T05:08:16.999481Z,llama-2-70b,1186,633,774,0.001522,user_86,1.25,2048,True
2026-05-16T02:23:41.999481Z,mistral-large,1622,986,1680,0.00916,user_43,0.82,256,True
2026-05-19T11:49:55.999481Z,gpt-3.5-turbo,417,121,637,0.00039,user_56,0.4,256,True
2026-06-03T05:43:06.999481Z,llama-2-70b,1362,1149,366,0.00217,user_61,1.42,4096,True
2026-06-02T18:10:28.999481Z,gpt-3.5-turbo,1248,1470,517,0.002829,user_52,0.65,256,True
2026-06-01T06:59:45.999481Z,gpt-4,1143,1030,673,0.09609,user_98,0.42,512,True
2026-05-31T08:52:15.999481Z,mistral-large,149,544,1486,0.003562,user_87,1.83,1024,True
2026-05-15T04:33:17.999481Z,claude-3-5-sonnet,1868,889,2576,0.018939,user_92,1.49,256,True
2026-05-25T00:28:30.999481Z,gpt-4,1607,1467,2190,0.13623,user_62,0.67,256,True
2026-05-21T00:51:11.999481Z,gpt-4-turbo,530,44,2572,0.00662,user_1,0.64,2048,True
2026-05-30T22:27:15.999481Z,mistral-large,876,1319,555,0.009666,user_44,0.66,2048,True
2026-05-26T03:04:36.999481Z,gemini-pro,1817,1372,1425,0.00228,user_24,1.62,2048,True
2026-05-26T22:10:45.999481Z,gpt-3.5-turbo,938,1018,1204,0.001996,user_86,1.46,1024,True
2026-06-03T06:15:48.999481Z,gemini-pro,572,1099,1576,0.001385,user_100,1.14,4096,True
2026-06-02T19:34:07.999481Z,gpt-4-turbo,12,862,3949,0.02598,user_62,1.67,1024,True
2026-05-16T03:16:38.999481Z,gemini-pro,1123,637,1414,0.001198,user_70,1.18,1024,True
2026-05-15T00:18:57.999481Z,claude-3-5-sonnet,1056,776,839,0.014808,user_100,1.58,256,True
2026-06-10T01:51:38.999481Z,claude-3-5-sonnet,437,1184,1931,0.019071,user_34,0.67,256,True
2026-06-05T00:05:03.999481Z,llama-2-70b,53,1433,735,0.001473,user_28,0.75,512,True
2026-05-30T23:29:28.999481Z,claude-3-5-sonnet,1955,1385,3281,0.02664,user_98,1.38,512,True
2026-05-20T07:38:34.999481Z,gpt-3.5-turbo,1758,1153,1505,0.002608,user_38,1.93,256,True
2026-05-30T10:35:37.999481Z,llama-2-70b,792,1211,848,0.001805,user_51,0.01,4096,True
2026-05-23T21:44:00.999481Z,mistral-large,493,64,1228,0.00137,user_56,0.74,1024,True
2026-05-19T20:14:17.999481Z,gpt-3.5-turbo,1396,736,329,0.001802,user_57,0.65,1024,True
2026-06-03T17:30:01.999481Z,mistral-large,1436,56,1630,0.003208,user_48,1.71,1024,True
2026-05-25T22:25:58.999481Z,gpt-4-turbo,1101,345,3155,0.02136,user_94,0.86,2048,True
2026-05-22T02:01:01.999481Z,mistral-large,42,618,1095,0.003792,user_62,1.51,512,True
2026-05-17T16:51:25.999481Z,gpt-3.5-turbo,421,634,629,0.001161,user_100,1.85,512,True
2026-05-28T01:50:12.999481Z,llama-2-70b,1354,1322,1106,0.002338,user_63,0.72,2048,True
2026-05-26T09:56:21.999481Z,gpt-4-turbo,531,1429,2648,0.04818,user_70,0.01,2048,True
2026-06-08T18:22:16.999481Z,claude-3-5-sonnet,676,353,539,0.007323,user_62,1.92,1024,True
2026-06-06T00:34:39.999481Z,mistral-large,1606,217,391,0.004514,user_52,0.11,1024,True
2026-06-11T16:57:51.999481Z,claude-3-5-sonnet,1950,1000,2570,0.02085,user_78,1.94,512,True
2026-05-20T02:23:18.999481Z,gemini-pro,267,533,821,0.000666,user_60,0.02,4096,False
2026-06-09T17:22:20.999481Z,claude-3-5-sonnet,1631,1242,1551,0.023523,user_40,1.62,4096,True
2026-06-10T04:48:41.999481Z,gpt-4-turbo,1937,1330,2375,0.05927,user_5,1.5,512,True
2026-06-05T04:31:34.999481Z,llama-2-70b,169,387,1551,0.000514,user_62,1.8,1024,True
2026-06-05T22:45:46.999481Z,gpt-3.5-turbo,1602,1249,1214,0.002674,user_83,0.33,512,True
2026-06-03T18:38:36.999481Z,gpt-4,1167,1213,755,0.10779,user_79,1.95,2048,True
2026-05-22T05:49:11.999481Z,claude-3-5-sonnet,633,383,2824,0.007644,user_77,1.6,256,False
2026-06-03T19:00:40.999481Z,gpt-4-turbo,1393,850,2471,0.03943,user_17,1.63,4096,True
2026-05-15T16:01:31.999481Z,gpt-3.5-turbo,641,630,1598,0.001266,user_69,1.77,256,True
2026-05-15T14:16:02.999481Z,claude-3-5-sonnet,1579,384,1152,0.010497,user_62,0.27,2048,False
2026-05-19T22:09:39.999481Z,mistral-large,778,409,207,0.00401,user_56,0.23,512,True
2026-06-02T11:26:33.999481Z,gpt-4,1720,1151,3244,0.12066,user_68,1.07,256,True
2026-05-30T20:40:40.999481Z,gemini-pro,1826,49,824,0.000962,user_73,0.17,1024,True
2026-05-26T15:39:04.999481Z,gemini-pro,894,1332,1795,0.001779,user_19,1.69,512,True
2026-05-27T03:28:13.999481Z,gpt-4-turbo,1529,142,3137,0.01955,user_19,0.08,4096,True
2026-06-01T09:53:33.999481Z,gpt-4,291,513,3768,0.03951,user_99,0.02,256,True
2026-05-30T12:18:59.999481Z,mistral-large,1949,156,1526,0.004834,user_2,1.22,512,True
2026-05-18T14:31:03.999481Z,llama-2-70b,840,1104,556,0.001734,user_100,0.92,2048,True
2026-06-06T04:34:16.999481Z,gpt-4,98,1295,3591,0.08064,user_13,1.51,2048,True
2026-05-17T22:17:38.999481Z,gpt-4-turbo,137,761,2480,0.0242,user_75,1.89,4096,True
2026-05-13T09:42:33.999481Z,claude-3-5-sonnet,829,554,2386,0.010797,user_19,0.91,2048,True
2026-06-04T15:31:41.999481Z,gpt-3.5-turbo,1695,281,1322,0.001269,user_28,0.46,1024,True
2026-05-26T16:48:18.999481Z,gpt-4-turbo,1938,1047,2433,0.05079,user_62,1.42,2048,True
2026-05-26T16:47:38.999481Z,gpt-3.5-turbo,1979,1215,645,0.002812,user_21,1.86,512,True
2026-06-10T22:00:07.999481Z,claude-3-5-sonnet,1215,987,1796,0.01845,user_59,0.39,2048,True
2026-05-24T20:53:49.999481Z,llama-2-70b,511,1441,1788,0.001824,user_3,1.06,2048,True
2026-06-09T12:21:38.999481Z,claude-3-5-sonnet,1984,283,2694,0.010197,user_22,0.49,1024,True
2026-06-02T09:20:48.999481Z,gemini-pro,347,1384,1025,0.001558,user_49,1.7,256,True
2026-05-23T05:40:05.999481Z,mistral-large,100,1294,1476,0.007964,user_74,0.59,4096,True
2026-06-01T22:14:18.999481Z,gpt-3.5-turbo,101,514,521,0.000821,user_25,0.28,4096,True
2026-05-26T08:46:28.999481Z,mistral-large,183,323,352,0.002304,user_43,1.14,512,True
2026-05-31T08:05:39.999481Z,gpt-4-turbo,973,214,3005,0.01615,user_26,0.95,2048,True
2026-05-29T14:55:11.999481Z,mistral-large,1750,1233,744,0.010898,user_76,1.32,4096,True
2026-05-25T08:11:47.999481Z,llama-2-70b,1682,1124,1309,0.002386,user_63,0.3,4096,True
2026-06-07T19:31:58.999481Z,mistral-large,81,684,1148,0.004266,user_30,0.99,4096,True
2026-05-31T14:04:00.999481Z,llama-2-70b,982,1334,1123,0.00207,user_30,2.0,2048,True
2026-05-23T11:26:53.999481Z,mistral-large,1981,1393,806,0.01232,user_51,0.52,512,True
2026-05-14T07:11:10.999481Z,gpt-4,89,102,3787,0.00879,user_70,0.72,256,True
2026-05-29T07:02:25.999481Z,gpt-4-turbo,1183,115,1834,0.01528,user_20,1.66,256,True
2026-05-25T21:38:00.999481Z,gpt-4,105,1140,2383,0.07155,user_67,1.58,4096,True
2026-06-03T05:23:39.999481Z,gemini-pro,1763,1114,1693,0.001995,user_92,0.81,4096,True
2026-06-04T05:20:41.999481Z,gpt-4,66,485,1825,0.03108,user_45,0.57,512,True
2026-06-01T00:49:32.999481Z,gemini-pro,167,305,536,0.000388,user_23,0.97,256,True
2026-06-09T02:23:39.999481Z,llama-2-70b,1618,1005,579,0.002218,user_5,0.8,4096,True
2026-05-29T00:56:47.999481Z,claude-3-5-sonnet,1822,138,3386,0.007536,user_7,1.56,256,True
2026-05-17T14:37:31.999481Z,claude-3-5-sonnet,955,249,1604,0.0066,user_47,0.2,2048,True
2026-05-25T15:15:09.999481Z,gemini-pro,1696,1358,1240,0.002206,user_93,1.29,2048,True
2026-05-25T01:04:15.999481Z,llama-2-70b,1973,211,1898,0.001691,user_72,0.84,4096,True
2026-05-14T19:01:12.999481Z,claude-3-5-sonnet,485,131,875,0.00342,user_5,1.36,2048,True
2026-05-14T03:54:53.999481Z,gpt-4-turbo,792,1209,3371,0.04419,user_15,0.56,2048,True
2026-05-23T06:08:27.999481Z,gpt-4,1417,1391,1813,0.12597,user_42,0.44,512,False
2026-05-29T03:46:22.999481Z,mistral-large,1723,1054,917,0.00977,user_87,1.7,4096,True
2026-06-06T04:42:28.999481Z,llama-2-70b,833,1314,1523,0.001939,user_20,1.12,1024,True
2026-06-01T12:12:34.999481Z,gemini-pro,760,954,618,0.001334,user_4,1.05,1024,True
2026-05-20T01:17:16.999481Z,claude-3-5-sonnet,1984,78,2819,0.007122,user_84,1.88,256,True
2026-05-23T10:21:04.999481Z,gpt-4,1177,1035,2834,0.09741,user_71,1.02,256,True
2026-06-01T12:17:16.999481Z,mistral-large,1643,240,1861,0.004726,user_58,0.93,4096,True
2026-06-06T19:28:25.999481Z,gpt-4-turbo,1431,1365,1666,0.05526,user_71,0.62,512,True
2026-06-11T00:55:50.999481Z,claude-3-5-sonnet,1851,48,711,0.006273,user_89,0.04,1024,True
2026-06-11T15:36:00.999481Z,gpt-3.5-turbo,1739,1067,985,0.00247,user_5,1.37,1024,True
2026-06-06T08:30:44.999481Z,gpt-4,1098,937,3806,0.08916,user_92,0.11,2048,False
2026-05-18T15:14:11.999481Z,mistral-large,585,930,975,0.00675,user_59,1.2,4096,True
2026-05-25T21:59:40.999481Z,mistral-large,277,1080,1486,0.007034,user_35,1.02,256,True
2026-05-22T02:14:25.999481Z,claude-3-5-sonnet,692,871,1428,0.015141,user_63,1.41,256,True
2026-05-16T22:41:33.999481Z,gpt-4,1923,1109,3431,0.12423,user_9,1.82,1024,True
2026-05-22T05:13:34.999481Z,gpt-3.5-turbo,618,1306,1813,0.002268,user_46,0.45,256,True
2026-05-15T01:52:52.999481Z,gemini-pro,1135,421,1662,0.000989,user_14,0.95,512,True
2026-05-18T18:42:20.999481Z,claude-3-5-sonnet,1633,421,617,0.011214,user_82,0.89,4096,True
2026-05-19T08:43:58.999481Z,claude-3-5-sonnet,792,896,2562,0.015816,user_72,1.77,2048,True
2026-05-30T03:21:09.999481Z,mistral-large,1247,404,358,0.004918,user_99,1.78,1024,True
2026-05-28T04:19:24.999481Z,llama-2-70b,1394,324,1722,0.00137,user_32,1.05,1024,True
2026-06-08T22:33:01.999481Z,gemini-pro,498,93,816,0.000342,user_48,1.64,1024,True
2026-06-01T16:35:37.999481Z,mistral-large,735,1159,1519,0.008424,user_97,1.53,256,True
2026-05-21T07:28:53.999481Z,gpt-3.5-turbo,402,835,1293,0.001454,user_28,0.2,512,True
2026-06-11T14:09:35.999481Z,gemini-pro,478,369,668,0.000608,user_5,1.59,4096,True
2026-05-15T16:23:14.999481Z,gpt-4,1265,39,2298,0.04029,user_21,1.77,4096,True
2026-05-20T16:11:33.999481Z,mistral-large,1579,905,1719,0.008588,user_46,0.12,256,True
2026-05-23T17:42:17.999481Z,mistral-large,32,195,742,0.001234,user_35,0.06,4096,True
2026-06-08T13:07:55.999481Z,gemini-pro,1818,1227,1447,0.002136,user_64,1.64,512,True
2026-06-05T03:47:41.999481Z,claude-3-5-sonnet,1558,1161,1203,0.022089,user_38,0.03,4096,True
2026-06-03T10:53:48.999481Z,gpt-4-turbo,1012,1065,2709,0.04207,user_68,0.0,256,True
2026-06-01T18:21:43.999481Z,llama-2-70b,279,781,1304,0.00099,user_74,1.75,1024,True
2026-06-04T17:18:37.999481Z,gpt-3.5-turbo,413,356,1352,0.00074,user_3,0.0,2048,True
2026-05-26T17:08:16.999481Z,gemini-pro,1164,562,559,0.001144,user_81,1.14,2048,True
2026-06-10T14:18:37.999481Z,claude-3-5-sonnet,1762,971,3241,0.019851,user_47,0.59,4096,True
2026-06-05T15:59:59.999481Z,gpt-4-turbo,945,638,3984,0.02859,user_62,1.9,1024,True
2026-05-31T22:32:48.999481Z,gpt-3.5-turbo,753,1040,1340,0.001936,user_23,0.57,2048,True
2026-06-03T15:21:17.999481Z,llama-2-70b,1362,59,1926,0.00108,user_76,1.97,1024,True
2026-06-11T15:04:53.999481Z,llama-2-70b,645,524,1722,0.001008,user_1,0.43,2048,True
2026-05-19T19:56:57.999481Z,gpt-4-turbo,1109,1254,3933,0.04871,user_87,0.4,256,True
2026-05-17T05:47:54.999481Z,gpt-4,1069,898,2751,0.08595,user_50,0.69,1024,True
2026-06-07T16:21:10.999481Z,claude-3-5-sonnet,619,1255,3008,0.020682,user_95,0.81,512,True
2026-05-18T04:20:39.999481Z,gpt-3.5-turbo,812,1144,989,0.002122,user_56,1.75,512,True
2026-05-23T22:37:00.999481Z,gpt-4-turbo,326,410,2104,0.01556,user_72,1.32,2048,True
2026-05-23T19:10:17.999481Z,gpt-4-turbo,1375,976,3541,0.04303,user_38,0.56,512,True
2026-06-10T23:34:36.999481Z,gemini-pro,961,424,696,0.000905,user_39,0.57,2048,True
2026-06-11T01:50:32.999481Z,gpt-4-turbo,1814,1350,2278,0.05864,user_69,1.31,4096,True
2026-06-04T19:29:42.999481Z,gpt-3.5-turbo,844,481,623,0.001143,user_78,1.76,256,True
2026-06-10T11:06:04.999481Z,llama-2-70b,446,1044,848,0.001378,user_9,0.49,256,True
2026-06-11T14:43:55.999481Z,mistral-large,1332,942,704,0.008316,user_3,1.48,2048,True
2026-05-28T15:14:36.999481Z,claude-3-5-sonnet,1141,242,2010,0.007053,user_1,0.88,4096,True
2026-06-04T16:37:41.999481Z,gemini-pro,1291,371,967,0.001017,user_60,0.53,2048,True
2026-05-29T22:16:21.999481Z,claude-3-5-sonnet,545,1265,435,0.02061,user_66,1.54,4096,True
2026-05-30T09:37:54.999481Z,llama-2-70b,1597,156,1985,0.001354,user_12,1.62,4096,True
2026-06-07T02:31:44.999481Z,llama-2-70b,1380,707,1359,0.001742,user_74,0.52,512,True
2026-05-26T13:39:59.999481Z,llama-2-70b,1389,559,1298,0.001601,user_57,1.01,1024,True
2026-05-16T14:49:03.999481Z,mistral-large,398,761,1760,0.005362,user_15,1.72,4096,True
2026-05-13T07:53:34.999481Z,mistral-large,1445,1027,1806,0.009052,user_40,0.38,512,True
2026-05-17T17:06:30.999481Z,gpt-3.5-turbo,1971,1392,418,0.003073,user_80,0.08,2048,True
2026-06-02T17:46:06.999481Z,llama-2-70b,1763,570,1084,0.001892,user_16,1.56,256,True
2026-06-07T20:43:56.999481Z,gpt-3.5-turbo,1521,1016,1795,0.002285,user_61,0.76,2048,True
2026-05-31T15:47:14.999481Z,mistral-large,917,192,1537,0.002986,user_57,0.24,1024,True
2026-05-20T19:05:31.999481Z,gpt-3.5-turbo,1591,554,1160,0.001626,user_73,0.78,2048,True
2026-06-05T03:28:55.999481Z,gpt-4,1421,597,2907,0.07845,user_43,0.12,512,True
2026-05-31T05:13:43.999481Z,mistral-large,1509,189,1724,0.004152,user_98,0.07,256,True
2026-05-21T14:53:53.999481Z,gpt-4,815,57,3706,0.02787,user_17,1.73,1024,True
2026-05-28T17:55:47.999481Z,claude-3-5-sonnet,393,719,1958,0.011964,user_79,0.45,512,True
2026-06-09T21:43:32.999481Z,gpt-4-turbo,481,340,741,0.01501,user_37,1.41,4096,True
2026-06-09T11:46:12.999481Z,llama-2-70b,692,621,1622,0.00114,user_54,1.2,256,True
2026-06-10T05:17:04.999481Z,gemini-pro,114,396,451,0.000453,user_28,0.15,1024,True
2026-05-26T06:57:44.999481Z,gpt-4,1222,58,3732,0.04014,user_14,0.2,4096,True
2026-06-01T23:34:22.999481Z,llama-2-70b,1616,448,320,0.00166,user_82,1.51,1024,True
2026-06-01T12:16:41.999481Z,llama-2-70b,1269,1081,365,0.002033,user_41,0.46,1024,True
2026-05-26T20:21:41.999481Z,claude-3-5-sonnet,1454,496,900,0.011802,user_45,0.92,2048,True
2026-06-07T20:51:54.999481Z,gpt-4-turbo,187,1257,3083,0.03958,user_68,0.91,4096,True
2026-06-02T13:14:17.999481Z,gpt-4-turbo,703,407,3858,0.01924,user_33,1.49,2048,False
2026-06-06T22:53:10.999481Z,gpt-3.5-turbo,825,512,1261,0.001181,user_2,0.17,1024,True
2026-05-30T03:27:30.999481Z,mistral-large,988,915,1174,0.007466,user_87,1.99,2048,True
2026-05-28T19:54:13.999481Z,llama-2-70b,1458,411,622,0.001505,user_85,1.4,4096,True
2026-06-02T22:59:55.999481Z,gpt-3.5-turbo,232,917,353,0.001491,user_81,0.21,256,True
2026-05-14T06:48:55.999481Z,claude-3-5-sonnet,474,455,1592,0.008247,user_92,1.61,1024,True
2026-05-24T10:12:27.999481Z,claude-3-5-sonnet,1808,1407,2592,0.026529,user_21,1.51,256,True
2026-05-29T12:43:01.999481Z,llama-2-70b,1069,618,1548,0.00142,user_72,0.07,256,True
2026-06-07T20:45:25.999481Z,claude-3-5-sonnet,477,878,2212,0.014601,user_83,0.6,1024,True
2026-05-23T11:49:13.999481Z,gpt-4,871,1083,2960,0.09111,user_61,0.68,1024,True
2026-06-01T14:45:40.999481Z,llama-2-70b,1777,1426,547,0.002759,user_71,0.45,512,True
2026-06-09T20:46:32.999481Z,gemini-pro,376,1055,1724,0.001243,user_18,0.98,2048,True
2026-05-21T23:12:09.999481Z,mistral-large,763,40,1033,0.001766,user_37,1.75,4096,True
2026-06-10T09:19:14.999481Z,gpt-3.5-turbo,1292,471,1050,0.001352,user_11,0.6,256,True
2026-06-08T20:34:01.999481Z,gemini-pro,815,1026,297,0.001433,user_41,0.59,1024,True
2026-05-21T19:14:16.999481Z,claude-3-5-sonnet,1336,884,1771,0.017268,user_50,0.57,1024,True
2026-05-28T18:25:34.999481Z,gemini-pro,757,744,1446,0.001123,user_48,0.3,2048,True
2026-05-21T15:48:02.999481Z,gpt-4-turbo,1473,1469,3622,0.0588,user_86,1.94,2048,True
2026-06-05T21:57:20.999481Z,claude-3-5-sonnet,516,1128,1179,0.018468,user_67,1.01,512,False
2026-05-30T18:16:45.999481Z,mistral-large,1603,1146,473,0.010082,user_40,0.22,512,True
2026-05-30T18:11:16.999481Z,gpt-4-turbo,693,1421,965,0.04956,user_22,0.9,2048,True
2026-05-13T03:57:29.999481Z,gpt-4-turbo,1289,860,3314,0.03869,user_9,0.12,256,True
2026-05-23T08:42:16.999481Z,mistral-large,1776,202,301,0.004764,user_59,0.81,4096,True
2026-05-16T13:58:11.999481Z,gemini-pro,1579,498,541,0.001288,user_55,0.61,256,True
2026-06-05T09:59:29.999481Z,gpt-4-turbo,229,1359,720,0.04306,user_7,0.89,2048,False
2026-05-24T01:52:18.999481Z,gpt-4,657,280,2379,0.03651,user_71,1.56,2048,True
2026-06-08T15:30:51.999481Z,claude-3-5-sonnet,318,66,1393,0.001944,user_91,1.4,512,True
2026-05-14T23:30:03.999481Z,gpt-4-turbo,317,1290,3953,0.04187,user_4,0.85,2048,True
2026-05-28T20:16:18.999481Z,llama-2-70b,692,639,485,0.001158,user_2,0.12,2048,False
2026-06-09T23:50:28.999481Z,mistral-large,1267,454,1014,0.005258,user_34,1.06,2048,True
2026-05-13T06:36:23.999481Z,mistral-large,787,1101,1156,0.00818,user_62,1.88,4096,True
2026-05-17T02:48:14.999481Z,gpt-4,347,196,1551,0.02217,user_28,0.27,4096,True
2026-06-08T11:20:44.999481Z,claude-3-5-sonnet,1934,1420,3382,0.027102,user_80,0.39,512,True
2026-06-07T12:24:44.999481Z,mistral-large,1605,1032,1275,0.009402,user_34,1.57,256,True
2026-05-29T16:02:05.999481Z,gpt-4,1753,687,2621,0.09381,user_20,0.76,256,True
2026-06-01T03:43:59.999481Z,gemini-pro,424,159,1358,0.000371,user_38,0.57,4096,True
2026-06-05T04:17:50.999481Z,gpt-3.5-turbo,556,389,1833,0.000862,user_61,1.0,2048,True
2026-05-25T11:13:24.999481Z,mistral-large,566,955,1747,0.006862,user_41,0.65,512,True
2026-05-21T20:39:17.999481Z,gemini-pro,1877,971,500,0.001909,user_61,1.02,512,True
2026-05-22T05:22:15.999481Z,gpt-4,1959,1322,1940,0.13809,user_86,1.99,512,True
2026-06-04T18:32:31.999481Z,gpt-3.5-turbo,681,1040,1827,0.0019,user_67,0.07,2048,True
2026-06-07T11:11:18.999481Z,gpt-4-turbo,1780,169,1018,0.02287,user_41,1.92,2048,True
2026-05-29T16:08:27.999481Z,claude-3-5-sonnet,1028,1367,3217,0.023589,user_74,0.79,2048,True
2026-05-16T04:12:34.999481Z,gpt-4-turbo,263,1044,2193,0.03395,user_75,0.9,256,True
2026-06-05T18:52:26.999481Z,claude-3-5-sonnet,1253,1224,1333,0.022119,user_64,1.8,512,True
2026-06-10T16:42:56.999481Z,llama-2-70b,1143,588,858,0.001445,user_76,1.02,512,True
2026-05-30T02:54:40.999481Z,claude-3-5-sonnet,888,174,1825,0.005274,user_68,0.21,512,True
2026-05-14T18:58:37.999481Z,gpt-3.5-turbo,182,38,559,0.000148,user_53,1.45,4096,True
2026-05-31T18:19:22.999481Z,mistral-large,418,1329,1358,0.00881,user_46,1.67,256,True
2026-05-25T08:26:55.999481Z,gpt-4-turbo,646,1160,3811,0.04126,user_36,1.22,2048,True
2026-05-13T13:52:00.999481Z,mistral-large,961,1245,419,0.009392,user_15,1.51,512,True
2026-05-20T04:08:26.999481Z,llama-2-70b,1295,237,1935,0.001208,user_13,0.12,4096,True
2026-06-07T22:51:57.999481Z,mistral-large,907,313,587,0.003692,user_72,0.88,1024,True
2026-05-19T15:35:11.999481Z,gemini-pro,1779,20,1968,0.00091,user_88,1.31,2048,True
2026-06-03T16:18:58.999481Z,gpt-3.5-turbo,1291,1382,1932,0.002719,user_7,0.01,256,True
2026-06-07T11:10:52.999481Z,gemini-pro,1646,542,1629,0.001365,user_54,0.45,1024,True
2026-05-17T19:41:02.999481Z,mistral-large,1974,1246,423,0.011424,user_24,1.62,256,True
2026-05-15T08:40:10.999481Z,gpt-3.5-turbo,1538,1495,1511,0.003012,user_10,0.45,512,True
2026-05-16T04:51:16.999481Z,gpt-4-turbo,1250,624,2580,0.03122,user_94,1.12,256,True
2026-05-23T23:20:31.999481Z,claude-3-5-sonnet,981,1123,943,0.019788,user_19,0.66,4096,True
2026-06-07T15:33:24.999481Z,gpt-4,1224,891,781,0.09018,user_58,0.5,2048,True
2026-06-08T02:39:45.999481Z,gpt-4,1488,467,3804,0.07266,user_99,1.44,2048,True
2026-06-05T15:22:38.999481Z,claude-3-5-sonnet,238,449,2925,0.007449,user_41,0.57,256,True
2026-05-23T07:28:39.999481Z,gpt-3.5-turbo,1508,780,1480,0.001924,user_18,1.82,4096,True
2026-06-11T23:13:19.999481Z,mistral-large,28,89,400,0.00059,user_83,0.81,1024,True
2026-05-21T10:05:04.999481Z,gpt-4-turbo,692,666,1279,0.0269,user_57,1.16,512,True
2026-05-19T02:03:23.999481Z,claude-3-5-sonnet,982,310,2271,0.007596,user_30,0.28,4096,True
2026-05-14T00:00:31.999481Z,gpt-4,1718,1237,2230,0.12576,user_7,1.61,2048,True
2026-06-02T07:39:03.999481Z,gpt-4-turbo,499,330,1480,0.01489,user_29,1.59,2048,True
2026-06-11T15:21:24.999481Z,gemini-pro,873,460,440,0.000896,user_51,1.22,1024,True
2026-05-19T12:25:00.999481Z,gemini-pro,663,1238,1875,0.001569,user_20,0.24,512,True
2026-06-04T00:23:17.999481Z,gpt-4,568,903,1539,0.07122,user_25,0.63,512,True
2026-05-31T20:56:29.999481Z,llama-2-70b,1585,1275,1522,0.002464,user_87,1.96,2048,True
2026-05-20T06:06:08.999481Z,gpt-4-turbo,1123,1417,1569,0.05374,user_98,1.58,512,True
2026-06-11T17:59:28.999481Z,gpt-4-turbo,97,1156,3454,0.03565,user_80,1.61,2048,True
2026-05-27T07:01:43.999481Z,gpt-3.5-turbo,892,886,785,0.001775,user_94,1.82,4096,True
2026-06-09T17:24:54.999481Z,gpt-3.5-turbo,242,1035,786,0.001673,user_79,0.64,4096,True
2026-06-01T04:59:18.999481Z,gemini-pro,318,81,396,0.00024,user_97,1.27,256,True
2026-05-30T20:50:37.999481Z,gpt-4-turbo,572,79,1450,0.00809,user_94,1.03,256,True
2026-06-07T04:35:19.999481Z,gpt-4-turbo,914,816,1033,0.03362,user_8,1.96,512,True
2026-05-18T11:55:19.999481Z,claude-3-5-sonnet,1881,445,978,0.012318,user_54,1.4,256,True
2026-06-09T03:27:11.999481Z,mistral-large,151,22,892,0.000434,user_57,1.32,2048,True
2026-05-24T15:37:15.999481Z,mistral-large,1157,1342,212,0.010366,user_46,0.52,2048,True
2026-06-10T13:33:34.999481Z,gpt-4,106,561,3069,0.03684,user_80,0.66,256,True
2026-05-25T16:46:17.999481Z,gpt-3.5-turbo,1629,1331,884,0.002811,user_38,1.44,2048,True
2026-06-08T12:54:23.999481Z,llama-2-70b,782,169,844,0.000755,user_59,0.73,2048,True
2026-05-15T23:35:40.999481Z,gpt-4-turbo,1085,433,1585,0.02384,user_19,1.63,256,True
2026-05-20T22:13:11.999481Z,llama-2-70b,786,229,628,0.000819,user_50,0.82,1024,True
2026-06-08T17:56:50.999481Z,gpt-3.5-turbo,717,1049,1881,0.001932,user_25,0.35,512,True
2026-06-11T12:51:59.999481Z,gpt-3.5-turbo,1851,764,486,0.002071,user_70,1.35,4096,True
2026-05-31T14:44:04.999481Z,claude-3-5-sonnet,10,804,2473,0.01209,user_19,1.7,1024,True
2026-05-19T06:22:26.999481Z,gpt-4-turbo,1802,536,3329,0.0341,user_3,1.39,4096,True
2026-05-21T01:52:05.999481Z,gpt-3.5-turbo,1730,380,1937,0.001435,user_16,0.53,256,True
2026-06-05T20:16:02.999481Z,gpt-4,1282,1344,3110,0.1191,user_25,0.1,4096,True
2026-05-18T05:41:55.999481Z,mistral-large,1342,1084,888,0.009188,user_44,1.41,512,True
2026-05-19T01:00:27.999481Z,gpt-3.5-turbo,723,28,278,0.000403,user_92,1.11,1024,True
2026-05-28T02:33:56.999481Z,mistral-large,1693,895,1914,0.008756,user_85,0.89,1024,False
2026-05-21T05:13:47.999481Z,gpt-3.5-turbo,1306,1178,1155,0.00242,user_9,0.17,1024,True
2026-05-18T01:34:22.999481Z,mistral-large,1115,489,1690,0.005164,user_58,1.51,4096,True
2026-05-25T01:26:22.999481Z,llama-2-70b,327,426,1415,0.000671,user_60,0.23,2048,True
2026-06-08T00:29:31.999481Z,llama-2-70b,1487,374,1081,0.001489,user_54,0.42,2048,True
2026-05-19T16:16:08.999481Z,mistral-large,1732,699,429,0.007658,user_71,0.88,512,True
2026-05-17T12:15:43.999481Z,gpt-4,1487,1371,2341,0.12687,user_7,1.51,4096,True
2026-05-18T10:40:39.999481Z,gpt-3.5-turbo,352,264,1115,0.000572,user_74,1.4,256,True
2026-05-15T23:22:41.999481Z,gpt-4-turbo,474,718,3158,0.02628,user_56,1.62,4096,True
2026-06-11T09:36:46.999481Z,gpt-4,1987,21,2446,0.06087,user_38,1.66,512,True
2026-05-17T15:34:02.999481Z,gemini-pro,1378,728,1597,0.001417,user_33,0.18,4096,True
2026-05-26T19:30:19.999481Z,gpt-4-turbo,1421,137,3177,0.01832,user_77,0.12,512,True
2026-06-10T07:20:11.999481Z,gpt-4,1151,309,2790,0.05307,user_78,1.86,1024,True
2026-05-21T06:40:40.999481Z,gemini-pro,1908,493,548,0.001447,user_16,1.41,4096,True
2026-05-25T13:10:58.999481Z,llama-2-70b,332,751,379,0.001,user_9,1.34,512,True
2026-05-14T09:27:41.999481Z,gpt-4,1472,1333,2022,0.12414,user_76,1.6,256,True
2026-05-18T21:54:36.999481Z,gpt-4,1761,372,3840,0.07515,user_53,1.53,256,True
2026-05-29T01:33:08.999481Z,mistral-large,1058,894,1406,0.00748,user_96,1.31,1024,True
2026-05-25T14:12:12.999481Z,gpt-4,831,182,2574,0.03585,user_33,0.52,2048,True
2026-06-05T21:16:32.999481Z,gpt-4,1246,981,3697,0.09624,user_8,0.56,2048,True
2026-05-13T13:26:12.999481Z,mistral-large,1440,370,590,0.0051,user_10,0.65,512,True
2026-06-08T17:08:55.999481Z,gpt-4,1717,647,828,0.09033,user_46,1.98,1024,True
2026-06-03T19:45:05.999481Z,claude-3-5-sonnet,640,753,2124,0.013215,user_3,0.96,512,True
2026-05-28T22:13:14.999481Z,gemini-pro,178,653,658,0.000742,user_87,0.05,4096,True
2026-05-29T23:59:41.999481Z,gpt-4,1282,216,2548,0.05142,user_40,1.0,1024,True
2026-05-28T18:40:42.999481Z,gpt-4-turbo,164,1088,2642,0.03428,user_50,0.12,256,True
2026-05-23T12:06:56.999481Z,gemini-pro,1259,564,404,0.001194,user_28,1.36,2048,True
2026-05-13T05:05:30.999481Z,gpt-3.5-turbo,813,680,865,0.001427,user_69,0.72,256,True
2026-06-11T09:02:16.999481Z,gpt-4-turbo,1094,1062,3120,0.0428,user_76,1.65,1024,True
2026-05-14T02:19:23.999481Z,mistral-large,1817,466,1250,0.00643,user_98,1.76,256,True
2026-06-07T18:53:57.999481Z,gpt-4-turbo,941,1398,1498,0.05135,user_24,1.35,1024,True
2026-05-20T13:03:16.999481Z,gpt-4-turbo,1851,228,2351,0.02535,user_41,0.79,4096,True
2026-05-29T21:19:57.999481Z,mistral-large,295,1161,1198,0.007556,user_25,1.65,4096,True
2026-05-16T09:26:15.999481Z,gpt-3.5-turbo,1200,671,1987,0.001606,user_5,0.01,1024,False
2026-05-21T01:07:01.999481Z,gpt-4,275,1088,2346,0.07353,user_35,1.58,256,True
2026-06-02T07:15:48.999481Z,gpt-4,479,1393,3478,0.09795,user_19,1.22,2048,True
2026-06-07T07:21:53.999481Z,mistral-large,1097,634,313,0.005998,user_99,1.57,1024,True
2026-05-17T07:35:39.999481Z,claude-3-5-sonnet,1200,259,2148,0.007485,user_61,0.92,256,True
2026-05-19T08:57:55.999481Z,claude-3-5-sonnet,1022,306,2406,0.007656,user_55,0.2,4096,True
2026-06-04T02:58:56.999481Z,gemini-pro,268,1195,1604,0.001329,user_64,0.57,1024,True
2026-05-25T00:54:57.999481Z,gpt-3.5-turbo,384,195,1345,0.000485,user_80,1.48,2048,True
2026-06-03T11:45:22.999481Z,claude-3-5-sonnet,819,810,1095,0.014607,user_42,1.88,1024,True
2026-06-07T18:41:43.999481Z,gemini-pro,1444,937,1445,0.001659,user_82,0.84,256,True
2026-06-06T20:42:30.999481Z,gpt-3.5-turbo,631,705,515,0.001373,user_65,1.19,512,True
2026-05-29T19:30:52.999481Z,claude-3-5-sonnet,1618,1056,1003,0.020694,user_69,0.24,2048,True
2026-06-07T07:06:52.999481Z,mistral-large,843,884,1727,0.00699,user_58,1.96,4096,True
2026-05-21T11:18:03.999481Z,llama-2-70b,1483,22,801,0.001134,user_19,0.35,4096,True
2026-05-29T05:30:05.999481Z,claude-3-5-sonnet,1619,709,1190,0.015492,user_54,0.84,1024,True
2026-05-19T08:43:53.999481Z,gpt-4,279,90,533,0.01377,user_66,1.55,256,True
2026-06-10T02:58:47.999481Z,claude-3-5-sonnet,1493,72,747,0.005559,user_35,1.9,512,True
2026-05-18T08:05:41.999481Z,gpt-4-turbo,1129,1422,3246,0.05395,user_41,0.35,1024,True
2026-05-13T07:03:14.999481Z,gpt-3.5-turbo,965,649,1476,0.001456,user_25,0.44,2048,True
2026-05-18T19:32:40.999481Z,llama-2-70b,177,1335,247,0.001468,user_80,0.49,2048,True
2026-06-11T13:12:50.999481Z,gemini-pro,180,106,1398,0.000196,user_50,0.27,256,True
2026-05-15T23:28:48.999481Z,gpt-4,253,1246,2889,0.08235,user_82,1.35,1024,True
2026-05-24T04:37:42.999481Z,gemini-pro,255,1254,1672,0.001381,user_75,1.46,1024,True
2026-06-06T03:43:11.999481Z,claude-3-5-sonnet,1952,1110,658,0.022506,user_51,0.99,4096,True
2026-05-21T23:53:22.999481Z,gemini-pro,337,1397,1452,0.001566,user_64,0.14,1024,True
2026-06-06T13:13:23.999481Z,gpt-4,69,1309,2057,0.08061,user_22,0.81,1024,True
2026-05-21T01:15:16.999481Z,gpt-4-turbo,571,205,636,0.01186,user_100,1.72,4096,True
2026-06-06T17:05:31.999481Z,gpt-4,288,1058,2295,0.07212,user_80,0.36,512,True
2026-05-25T01:26:10.999481Z,gpt-4-turbo,887,873,3595,0.03506,user_10,1.13,4096,True
2026-05-22T20:44:31.999481Z,gpt-3.5-turbo,1532,688,1257,0.001798,user_38,1.66,256,True
2026-05-24T04:41:37.999481Z,gemini-pro,458,1234,1128,0.001463,user_48,0.95,2048,True
2026-05-19T14:14:32.999481Z,mistral-large,1902,1370,572,0.012024,user_64,0.79,4096,True
2026-05-27T19:24:01.999481Z,gemini-pro,916,220,1491,0.000678,user_49,0.21,1024,True
2026-06-11T13:56:02.999481Z,gemini-pro,1508,907,1692,0.001661,user_78,0.27,512,True
2026-06-05T22:16:51.999481Z,gpt-3.5-turbo,1132,877,1306,0.001881,user_56,1.23,2048,True
2026-05-19T09:18:53.999481Z,gpt-4,999,59,793,0.03351,user_53,1.11,1024,True
2026-05-26T02:09:08.999481Z,gpt-4,23,337,2776,0.02091,user_63,0.09,2048,True
2026-06-10T20:34:50.999481Z,claude-3-5-sonnet,1736,311,3235,0.009873,user_31,1.08,1024,True
2026-06-10T04:53:42.999481Z,gpt-4-turbo,1507,983,3031,0.04456,user_24,0.49,2048,True
2026-05-28T10:22:24.999481Z,gemini-pro,1757,322,384,0.001201,user_26,0.91,4096,True
2026-06-09T23:05:03.999481Z,gpt-3.5-turbo,739,720,1169,0.00145,user_72,0.82,256,True
2026-05-15T06:20:55.999481Z,gpt-4-turbo,1564,174,1400,0.02086,user_12,0.89,4096,True
2026-06-09T19:49:45.999481Z,gemini-pro,1129,1323,333,0.001887,user_18,0.37,512,True
2026-05-25T21:32:20.999481Z,claude-3-5-sonnet,1174,352,3334,0.008802,user_57,1.08,1024,True
2026-05-28T23:46:57.999481Z,gpt-4-turbo,1493,370,3343,0.02603,user_26,0.28,2048,True
2026-06-11T16:36:29.999481Z,gpt-4-turbo,1875,567,2105,0.03576,user_26,0.19,512,True
2026-06-09T17:50:51.999481Z,gpt-3.5-turbo,1662,911,522,0.002198,user_86,0.36,256,True
2026-06-05T04:59:31.999481Z,gpt-4-turbo,331,707,1512,0.02452,user_8,1.69,256,True
2026-06-08T21:56:58.999481Z,mistral-large,368,1050,1977,0.007036,user_26,0.36,1024,True
2026-06-04T08:10:50.999481Z,gpt-4,290,974,2102,0.06714,user_100,0.48,512,True
2026-06-07T17:58:02.999481Z,mistral-large,1085,1444,942,0.010834,user_10,1.26,4096,True
2026-06-06T15:55:39.999481Z,gpt-4,1884,150,1717,0.06552,user_65,0.05,512,True
2026-05-24T13:00:58.999481Z,gpt-3.5-turbo,119,669,978,0.001063,user_20,1.04,256,False
2026-06-11T14:05:40.999481Z,gemini-pro,1166,965,1243,0.001548,user_76,0.28,4096,True
2026-05-25T23:59:14.999481Z,gpt-3.5-turbo,1988,399,1111,0.001593,user_8,1.11,1024,True
2026-05-23T09:24:00.999481Z,mistral-large,641,423,730,0.00382,user_97,1.0,256,True
2026-05-30T21:29:52.999481Z,gemini-pro,1775,1055,1298,0.001942,user_15,0.59,1024,True
2026-05-25T23:10:51.999481Z,llama-2-70b,1734,402,487,0.001703,user_98,0.87,2048,True
2026-06-02T02:12:39.999481Z,llama-2-70b,635,1485,1549,0.001961,user_88,1.42,4096,False
2026-06-07T19:39:46.999481Z,gemini-pro,246,446,309,0.000569,user_29,1.55,256,True
2026-05-16T02:41:03.999481Z,gemini-pro,715,1292,1360,0.001649,user_17,0.58,2048,True
2026-06-03T14:56:08.999481Z,llama-2-70b,1156,449,1379,0.001316,user_79,1.48,2048,True
2026-06-06T00:38:16.999481Z,claude-3-5-sonnet,1698,648,1696,0.014814,user_3,1.83,4096,True
2026-05-28T14:30:40.999481Z,llama-2-70b,865,1202,986,0.001851,user_83,1.8,1024,True
2026-06-10T18:49:22.999481Z,gpt-4-turbo,1794,1133,2260,0.05193,user_66,1.4,4096,True
2026-06-06T20:26:42.999481Z,gpt-4-turbo,857,882,1407,0.03503,user_73,0.86,256,True
2026-05-15T02:51:35.999481Z,gemini-pro,121,695,751,0.000755,user_89,0.77,2048,True
2026-05-15T20:38:04.999481Z,claude-3-5-sonnet,1430,134,2422,0.0063,user_45,1.72,1024,True
2026-06-03T08:57:04.999481Z,gpt-4-turbo,953,1361,2385,0.05036,user_98,1.9,1024,True
2026-06-05T10:27:52.999481Z,gpt-4-turbo,1534,1050,3026,0.04684,user_27,1.08,4096,True
2026-05-14T21:53:36.999481Z,llama-2-70b,722,53,1180,0.000594,user_29,0.85,256,True
2026-05-31T10:06:17.999481Z,mistral-large,1832,1106,1892,0.0103,user_79,1.18,4096,True
2026-06-05T12:49:01.999481Z,gemini-pro,829,681,1724,0.001095,user_42,1.2,2048,True
2026-05-14T02:57:00.999481Z,gpt-4-turbo,1425,1498,3266,0.05919,user_62,0.41,4096,True
2026-05-23T17:44:30.999481Z,llama-2-70b,1531,520,915,0.001668,user_26,1.67,512,True
2026-05-30T01:00:04.999481Z,claude-3-5-sonnet,88,109,461,0.001899,user_73,1.07,2048,True
2026-06-05T21:15:44.999481Z,claude-3-5-sonnet,403,398,3142,0.007179,user_67,0.01,2048,True
2026-05-25T08:54:23.999481Z,mistral-large,1163,505,889,0.005356,user_11,0.88,1024,True
2026-05-14T00:45:26.999481Z,gpt-4-turbo,840,971,1144,0.03753,user_55,0.96,1024,True
2026-05-30T18:22:59.999481Z,gpt-4-turbo,1692,1199,1754,0.05289,user_89,0.75,256,True
2026-06-01T21:25:59.999481Z,claude-3-5-sonnet,405,202,2809,0.004245,user_7,1.5,4096,False
2026-06-08T16:55:35.999481Z,gpt-3.5-turbo,222,386,587,0.00069,user_74,0.69,2048,False
2026-05-24T21:35:37.999481Z,gpt-3.5-turbo,1665,1031,1989,0.002379,user_58,0.18,4096,True
2026-06-03T14:14:46.999481Z,mistral-large,628,52,1730,0.001568,user_97,1.96,1024,True
2026-05-28T13:42:05.999481Z,gpt-3.5-turbo,10,440,1703,0.000665,user_66,0.67,2048,True
2026-06-01T15:38:18.999481Z,gpt-4,1914,1063,3928,0.1212,user_2,1.88,512,True
2026-05-14T10:02:41.999481Z,gpt-3.5-turbo,367,1308,772,0.002145,user_16,0.31,256,False
2026-05-14T12:28:53.999481Z,gemini-pro,280,342,1117,0.000482,user_59,0.8,512,True
2026-05-14T06:20:39.999481Z,claude-3-5-sonnet,353,624,1131,0.010419,user_42,0.2,1024,True
2026-06-05T09:40:49.999481Z,gpt-4,1238,1100,2884,0.10314,user_2,1.43,2048,True
2026-06-01T21:58:19.999481Z,claude-3-5-sonnet,1679,712,3215,0.015717,user_98,0.36,512,True
2026-05-29T06:09:59.999481Z,gpt-4-turbo,765,297,3381,0.01656,user_91,1.98,1024,True
2026-05-30T00:58:06.999481Z,gpt-4,1833,1137,3749,0.12321,user_66,0.34,256,True
2026-05-26T00:21:08.999481Z,gpt-4-turbo,1906,287,1445,0.02767,user_54,1.26,1024,True
2026-05-27T23:39:30.999481Z,mistral-large,1860,1421,1040,0.012246,user_37,1.41,1024,True
2026-06-03T03:38:16.999481Z,mistral-large,1847,26,1895,0.00385,user_1,1.95,2048,True
2026-05-30T00:44:47.999481Z,gpt-4,1861,1270,750,0.13203,user_83,1.38,1024,True
2026-05-18T17:19:00.999481Z,gpt-4-turbo,721,958,3444,0.03595,user_66,0.65,1024,True
2026-05-22T22:04:15.999481Z,llama-2-70b,1430,472,318,0.001545,user_85,1.04,512,True
2026-06-09T06:55:03.999481Z,gpt-4-turbo,1583,1259,1047,0.0536,user_50,0.34,4096,True
2026-05-17T00:10:27.999481Z,gpt-3.5-turbo,431,1479,684,0.002434,user_6,0.73,1024,False
2026-06-06T02:01:09.999481Z,gpt-4-turbo,1019,1336,1476,0.05027,user_71,1.39,4096,True
2026-06-10T02:21:28.999481Z,gpt-3.5-turbo,1707,838,1528,0.00211,user_91,1.4,4096,True
